TERRAN|UNIT|MARINE|IDLE|17|..\Texture\Multi\Terran\Unit\marine\idle\marine_idle%d.png
TERRAN|UNIT|MARINE|ATTACK|34|..\Texture\Multi\Terran\Unit\marine\attack\marine_attack%d.png
TERRAN|UNIT|MARINE|ATTACK_READY|17|..\Texture\Multi\Terran\Unit\marine\attack_ready\marine_attack_ready%d.png
TERRAN|UNIT|MARINE|MOVE|153|..\Texture\Multi\Terran\Unit\marine\move\marine_move%d.png
TERRAN|UNIT|TANKBODY|IDLE|17|..\Texture\Multi\Terran\Unit\tank\tankbody\idle\tankbody_idle%d.png
TERRAN|UNIT|TANKBODY|MOVE|51|..\Texture\Multi\Terran\Unit\tank\tankbody\move\tankbody_move%d.png
TERRAN|UNIT|TANKBARREL|IDLE|17|..\Texture\Multi\Terran\Unit\tank\tankbarrel\idle\tankbarrel_idle%d.png
TERRAN|UNIT|SIEGEBODY|IDLE|1|..\Texture\Multi\Terran\Unit\tank\siegebody\siegebody_idle%d.png
TERRAN|UNIT|SIEGEBARREL|IDLE|17|..\Texture\Multi\Terran\Unit\tank\siegebarrel\siegebarrel_idle%d.png
TERRAN|UNIT|SCV|IDLE|17|..\Texture\Multi\Terran\Unit\scv\scv_idle\scv_idle%d.png
TERRAN|UNIT|SCV|MOVE|17|..\Texture\Multi\Terran\Unit\scv\scv_move\scv_move%d.png
TERRAN|UNIT|SCV|ATTACK|51|..\Texture\Multi\Terran\Unit\scv\scv_attack\scv_attack%d.png
TERRAN|UNIT|FIREBAT|ATTACK|34|..\Texture\Multi\Terran\Unit\firebat\attack\firebat_attack%d.png
TERRAN|UNIT|FIREBAT|MOVE|136|..\Texture\Multi\Terran\Unit\firebat\move\firebat_move%d.png
TERRAN|UNIT|FIREBAT|IDLE|17|..\Texture\Multi\Terran\Unit\firebat\idle\firebat_idle%d.png
TERRAN|BUILDING|T_TURRET_HEAD|IDLE|17|..\Texture\Multi\Terran\Building\turret_head\turret_head%d.png
TERRAN|BUILDING|T_TURRET_HEAD|ATTACK|17|..\Texture\Multi\Terran\Building\turret_head\turret_head%d.png
TERRAN|BULLET|TURRET_BULLET|IDLE|17|..\Texture\Multi\Bullet\turret_bullet\turret_bullet%d.png
TERRAN|BULLET|BATTLE_BIM|IDLE|17|..\Texture\Multi\Bullet\battle_bim\battle_bim%d.png
TERRAN|BULLET|WRAITH_BIM|IDLE|17|..\Texture\Multi\Bullet\wraith_bim\wraith_bim%d.png
TERRAN|BULLET|WRAITH_BULLET|IDLE|17|..\Texture\Multi\Bullet\wraith_bullet\wraith_bullet%d.png
TERRAN|BULLET|YAMA_BIM|IDLE|17|..\Texture\Multi\Bullet\yama_bullet\yamabullet%d.png
TERRAN|BULLET|NUCLEAR_BULLET|IDLE|17|..\Texture\Multi\Bullet\nuclear_bullet\nuclear%d.png
TERRAN|UNIT|MEDIC|IDLE|17|..\Texture\Multi\Terran\Unit\medic\idle\medic_idle%d.png
TERRAN|UNIT|MEDIC|MOVE|119|..\Texture\Multi\Terran\Unit\medic\move\medic_move%d.png
TERRAN|UNIT|MEDIC|HEAL|34|..\Texture\Multi\Terran\Unit\medic\heal\medic_heal%d.png
TERRAN|UNIT|GOLIATH_LEG|IDLE|17|..\Texture\Multi\Terran\Unit\goliath_leg\idle\leg_idle%d.png
TERRAN|UNIT|GOLIATH_LEG|MOVE|170|..\Texture\Multi\Terran\Unit\goliath_leg\move\leg_move%d.png
TERRAN|UNIT|GOLIATH_ARM|IDLE|17|..\Texture\Multi\Terran\Unit\goliath_arm\idle\arm_idle%d.png
TERRAN|UNIT|GOLIATH_ARM|MOVE|153|..\Texture\Multi\Terran\Unit\goliath_arm\move\arm_move%d.png
TERRAN|UNIT|GOLIATH_ARM|ATTACK|34|..\Texture\Multi\Terran\Unit\goliath_arm\attack\arm_attack%d.png
TERRAN|UNIT|BATTLE|IDLE|17|..\Texture\Multi\Terran\Unit\battlecruiser\battlecruiser%d.png
TERRAN|UNIT|WRAITH|IDLE|17|..\Texture\Multi\Terran\Unit\wraith\wraith%d.png
TERRAN|UNIT|DROPSHIP|IDLE|17|..\Texture\Multi\Terran\Unit\dropship\dropship%d.png
TERRAN|UNIT|VULTURE|IDLE|17|..\Texture\Multi\Terran\Unit\vulture\vulture%d.png
TERRAN|UNIT|GHOST|IDLE|17|..\Texture\Multi\Terran\Unit\ghost\idle\idle%d.png
TERRAN|UNIT|GHOST|MOVE|153|..\Texture\Multi\Terran\Unit\ghost\move\move%d.png
TERRAN|UNIT|GHOST|ATTACK|17|..\Texture\Multi\Terran\Unit\ghost\attack\attack%d.png
TERRAN|UNIT|GHOST|AIM|17|..\Texture\Multi\Terran\Unit\ghost\aim\aim%d.png
ZERG|UNIT|DRONE|IDLE|17|..\Texture\Multi\Zerg\Unit\drone\idle\drone_idle%d.png
ZERG|UNIT|DRONE|MOVE|102|..\Texture\Multi\Zerg\Unit\drone\move\drone_move%d.png
ZERG|UNIT|DRONE|ATTACK|17|..\Texture\Multi\Zerg\Unit\drone\attack\drone_attack%d.png
ZERG|UNIT|DRONE|GATHER|68|..\Texture\Multi\Zerg\Unit\drone\gather\drone_gather%d.png
ZERG|UNIT|LARVA|IDLE|17|..\Texture\Multi\Zerg\Unit\larva\idle\larva_idle%d.png
ZERG|UNIT|LARVA|MOVE|85|..\Texture\Multi\Zerg\Unit\larva\move\larva_move%d.png
ZERG|UNIT|ZERGLING|IDLE|17|..\Texture\Multi\Zerg\Unit\zergling\idle\zergling_idle%d.png
ZERG|UNIT|ZERGLING|MOVE|136|..\Texture\Multi\Zerg\Unit\zergling\move\zergling_move%d.png
ZERG|UNIT|ZERGLING|ATTACK|68|..\Texture\Multi\Zerg\Unit\zergling\attack\zergling_attack%d.png
ZERG|UNIT|HYDRA|IDLE|17|..\Texture\Multi\Zerg\Unit\hydra\idle\hydra_idle%d.png
ZERG|UNIT|HYDRA|ATTACK|85|..\Texture\Multi\Zerg\Unit\hydra\attack\hydra_attack%d.png
ZERG|UNIT|HYDRA|MOVE|119|..\Texture\Multi\Zerg\Unit\hydra\move\hydra_move%d.png